NICKNAME,LINE,COLLUMN,VALUE
RESP_8,Functional Suitability,Performance Efficiency,L
RESP_8,Functional Suitability,Compatibility,L
RESP_8,Functional Suitability,Interaction capability,C
RESP_8,Functional Suitability,Reliability,C
RESP_8,Functional Suitability,Security,L
RESP_8,Functional Suitability,Maintainability,C
RESP_8,Functional Suitability,Flexibility,L
RESP_8,Performance Efficiency,Compatibility,L
RESP_8,Performance Efficiency,Interaction capability,L
RESP_8,Performance Efficiency,Reliability,C
RESP_8,Performance Efficiency,Security,L
RESP_8,Performance Efficiency,Maintainability,L
RESP_8,Performance Efficiency,Flexibility,L
RESP_8,Compatibility,Interaction capability,C
RESP_8,Compatibility,Reliability,C
RESP_8,Compatibility,Security,C
RESP_8,Compatibility,Maintainability,C
RESP_8,Compatibility,Flexibility,L
RESP_8,Interaction capability,Reliability,L
RESP_8,Interaction capability,Security,L
RESP_8,Interaction capability,Maintainability,L
RESP_8,Interaction capability,Flexibility,L
RESP_8,Reliability,Security,C
RESP_8,Reliability,Maintainability,C
RESP_8,Reliability,Flexibility,L
RESP_8,Security,Maintainability,C
RESP_8,Security,Flexibility,L
RESP_8,Maintainability,Flexibility,L
RESP_4,Functional Suitability,Performance Efficiency,L
RESP_4,Functional Suitability,Compatibility,C
RESP_4,Functional Suitability,Interaction capability,L
RESP_4,Functional Suitability,Reliability,C
RESP_4,Functional Suitability,Security,L
RESP_4,Functional Suitability,Maintainability,C
RESP_4,Functional Suitability,Flexibility,L
RESP_4,Performance Efficiency,Compatibility,C
RESP_4,Performance Efficiency,Interaction capability,C
RESP_4,Performance Efficiency,Reliability,C
RESP_4,Performance Efficiency,Security,C
RESP_4,Performance Efficiency,Maintainability,C
RESP_4,Performance Efficiency,Flexibility,L
RESP_4,Compatibility,Interaction capability,L
RESP_4,Compatibility,Reliability,L
RESP_4,Compatibility,Security,L
RESP_4,Compatibility,Maintainability,C
RESP_4,Compatibility,Flexibility,L
RESP_4,Interaction capability,Reliability,C
RESP_4,Interaction capability,Security,L
RESP_4,Interaction capability,Maintainability,C
RESP_4,Interaction capability,Flexibility,L
RESP_4,Reliability,Security,L
RESP_4,Reliability,Maintainability,C
RESP_4,Reliability,Flexibility,L
RESP_4,Security,Maintainability,C
RESP_4,Security,Flexibility,C
RESP_4,Maintainability,Flexibility,L
RESP_13,Functional Suitability,Performance Efficiency,L
RESP_13,Functional Suitability,Compatibility,L
RESP_13,Functional Suitability,Interaction capability,L
RESP_13,Functional Suitability,Reliability,L
RESP_13,Functional Suitability,Security,L
RESP_13,Functional Suitability,Maintainability,L
RESP_13,Functional Suitability,Flexibility,L
RESP_13,Performance Efficiency,Compatibility,C
RESP_13,Performance Efficiency,Interaction capability,C
RESP_13,Performance Efficiency,Reliability,C
RESP_13,Performance Efficiency,Security,C
RESP_13,Performance Efficiency,Maintainability,C
RESP_13,Performance Efficiency,Flexibility,C
RESP_13,Compatibility,Interaction capability,L
RESP_13,Compatibility,Reliability,L
RESP_13,Compatibility,Security,L
RESP_13,Compatibility,Maintainability,L
RESP_13,Compatibility,Flexibility,L
RESP_13,Interaction capability,Reliability,C
RESP_13,Interaction capability,Security,C
RESP_13,Interaction capability,Maintainability,L
RESP_13,Interaction capability,Flexibility,L
RESP_13,Reliability,Security,C
RESP_13,Reliability,Maintainability,C
RESP_13,Reliability,Flexibility,C
RESP_13,Security,Maintainability,C
RESP_13,Security,Flexibility,L
RESP_13,Maintainability,Flexibility,L
RESP_2,Functional Suitability,Performance Efficiency,L
RESP_2,Functional Suitability,Compatibility,L
RESP_2,Functional Suitability,Interaction capability,L
RESP_2,Functional Suitability,Reliability,L
RESP_2,Functional Suitability,Security,L
RESP_2,Functional Suitability,Maintainability,L
RESP_2,Functional Suitability,Flexibility,L
RESP_2,Performance Efficiency,Compatibility,L
RESP_2,Performance Efficiency,Interaction capability,L
RESP_2,Performance Efficiency,Reliability,L
RESP_2,Performance Efficiency,Security,L
RESP_2,Performance Efficiency,Maintainability,L
RESP_2,Performance Efficiency,Flexibility,L
RESP_2,Compatibility,Interaction capability,L
RESP_2,Compatibility,Reliability,L
RESP_2,Compatibility,Security,L
RESP_2,Compatibility,Maintainability,L
RESP_2,Compatibility,Flexibility,L
RESP_2,Interaction capability,Reliability,C
RESP_2,Interaction capability,Security,C
RESP_2,Interaction capability,Maintainability,C
RESP_2,Interaction capability,Flexibility,C
RESP_2,Reliability,Security,L
RESP_2,Reliability,Maintainability,L
RESP_2,Reliability,Flexibility,L
RESP_2,Security,Maintainability,L
RESP_2,Security,Flexibility,L
RESP_2,Maintainability,Flexibility,L
RESP_14,Functional Suitability,Performance Efficiency,C
RESP_14,Functional Suitability,Compatibility,L
RESP_14,Functional Suitability,Interaction capability,L
RESP_14,Functional Suitability,Reliability,C
RESP_14,Functional Suitability,Security,C
RESP_14,Functional Suitability,Maintainability,L
RESP_14,Functional Suitability,Flexibility,C
RESP_14,Performance Efficiency,Compatibility,L
RESP_14,Performance Efficiency,Interaction capability,L
RESP_14,Performance Efficiency,Reliability,C
RESP_14,Performance Efficiency,Security,C
RESP_14,Performance Efficiency,Maintainability,C
RESP_14,Performance Efficiency,Flexibility,L
RESP_14,Compatibility,Interaction capability,C
RESP_14,Compatibility,Reliability,C
RESP_14,Compatibility,Security,C
RESP_14,Compatibility,Maintainability,C
RESP_14,Compatibility,Flexibility,C
RESP_14,Interaction capability,Reliability,C
RESP_14,Interaction capability,Security,C
RESP_14,Interaction capability,Maintainability,C
RESP_14,Interaction capability,Flexibility,C
RESP_14,Reliability,Security,C
RESP_14,Reliability,Maintainability,L
RESP_14,Reliability,Flexibility,L
RESP_14,Security,Maintainability,L
RESP_14,Security,Flexibility,L
RESP_14,Maintainability,Flexibility,L
RESP_10,Functional Suitability,Performance Efficiency,L
RESP_10,Functional Suitability,Compatibility,C
RESP_10,Functional Suitability,Interaction capability,C
RESP_10,Functional Suitability,Reliability,C
RESP_10,Functional Suitability,Security,C
RESP_10,Functional Suitability,Maintainability,C
RESP_10,Functional Suitability,Flexibility,C
RESP_10,Performance Efficiency,Compatibility,C
RESP_10,Performance Efficiency,Interaction capability,C
RESP_10,Performance Efficiency,Reliability,C
RESP_10,Performance Efficiency,Security,C
RESP_10,Performance Efficiency,Maintainability,C
RESP_10,Performance Efficiency,Flexibility,C
RESP_10,Compatibility,Interaction capability,C
RESP_10,Compatibility,Reliability,C
RESP_10,Compatibility,Security,C
RESP_10,Compatibility,Maintainability,C
RESP_10,Compatibility,Flexibility,C
RESP_10,Interaction capability,Reliability,C
RESP_10,Interaction capability,Security,C
RESP_10,Interaction capability,Maintainability,C
RESP_10,Interaction capability,Flexibility,C
RESP_10,Reliability,Security,C
RESP_10,Reliability,Maintainability,L
RESP_10,Reliability,Flexibility,L
RESP_10,Security,Maintainability,L
RESP_10,Security,Flexibility,L
RESP_10,Maintainability,Flexibility,L
RESP_5,Functional Suitability,Performance Efficiency,L
RESP_5,Functional Suitability,Compatibility,L
RESP_5,Functional Suitability,Interaction capability,L
RESP_5,Functional Suitability,Reliability,C
RESP_5,Functional Suitability,Security,L
RESP_5,Functional Suitability,Maintainability,L
RESP_5,Functional Suitability,Flexibility,L
RESP_5,Performance Efficiency,Compatibility,L
RESP_5,Performance Efficiency,Interaction capability,L
RESP_5,Performance Efficiency,Reliability,C
RESP_5,Performance Efficiency,Security,C
RESP_5,Performance Efficiency,Maintainability,C
RESP_5,Performance Efficiency,Flexibility,L
RESP_5,Compatibility,Interaction capability,C
RESP_5,Compatibility,Reliability,C
RESP_5,Compatibility,Security,C
RESP_5,Compatibility,Maintainability,C
RESP_5,Compatibility,Flexibility,L
RESP_5,Interaction capability,Reliability,C
RESP_5,Interaction capability,Security,C
RESP_5,Interaction capability,Maintainability,C
RESP_5,Interaction capability,Flexibility,L
RESP_5,Reliability,Security,L
RESP_5,Reliability,Maintainability,C
RESP_5,Reliability,Flexibility,L
RESP_5,Security,Maintainability,C
RESP_5,Security,Flexibility,L
RESP_5,Maintainability,Flexibility,L
RESP_3,Functional Suitability,Performance Efficiency,L
RESP_3,Functional Suitability,Compatibility,L
RESP_3,Functional Suitability,Interaction capability,C
RESP_3,Functional Suitability,Reliability,C
RESP_3,Functional Suitability,Security,C
RESP_3,Functional Suitability,Maintainability,L
RESP_3,Functional Suitability,Flexibility,L
RESP_3,Performance Efficiency,Compatibility,L
RESP_3,Performance Efficiency,Interaction capability,C
RESP_3,Performance Efficiency,Reliability,C
RESP_3,Performance Efficiency,Security,C
RESP_3,Performance Efficiency,Maintainability,L
RESP_3,Performance Efficiency,Flexibility,L
RESP_3,Compatibility,Interaction capability,C
RESP_3,Compatibility,Reliability,C
RESP_3,Compatibility,Security,C
RESP_3,Compatibility,Maintainability,C
RESP_3,Compatibility,Flexibility,L
RESP_3,Interaction capability,Reliability,C
RESP_3,Interaction capability,Security,C
RESP_3,Interaction capability,Maintainability,L
RESP_3,Interaction capability,Flexibility,L
RESP_3,Reliability,Security,C
RESP_3,Reliability,Maintainability,L
RESP_3,Reliability,Flexibility,L
RESP_3,Security,Maintainability,L
RESP_3,Security,Flexibility,L
RESP_3,Maintainability,Flexibility,L
RESP_12,Functional Suitability,Performance Efficiency,C
RESP_12,Functional Suitability,Compatibility,C
RESP_12,Functional Suitability,Interaction capability,L
RESP_12,Functional Suitability,Reliability,C
RESP_12,Functional Suitability,Security,L
RESP_12,Functional Suitability,Maintainability,L
RESP_12,Functional Suitability,Flexibility,L
RESP_12,Performance Efficiency,Compatibility,L
RESP_12,Performance Efficiency,Interaction capability,L
RESP_12,Performance Efficiency,Reliability,L
RESP_12,Performance Efficiency,Security,L
RESP_12,Performance Efficiency,Maintainability,L
RESP_12,Performance Efficiency,Flexibility,L
RESP_12,Compatibility,Interaction capability,C
RESP_12,Compatibility,Reliability,C
RESP_12,Compatibility,Security,L
RESP_12,Compatibility,Maintainability,C
RESP_12,Compatibility,Flexibility,L
RESP_12,Interaction capability,Reliability,C
RESP_12,Interaction capability,Security,L
RESP_12,Interaction capability,Maintainability,L
RESP_12,Interaction capability,Flexibility,L
RESP_12,Reliability,Security,L
RESP_12,Reliability,Maintainability,L
RESP_12,Reliability,Flexibility,L
RESP_12,Security,Maintainability,C
RESP_12,Security,Flexibility,L
RESP_12,Maintainability,Flexibility,L
RESP_6,Functional Suitability,Performance Efficiency,C
RESP_6,Functional Suitability,Compatibility,L
RESP_6,Functional Suitability,Interaction capability,C
RESP_6,Functional Suitability,Reliability,L
RESP_6,Functional Suitability,Security,C
RESP_6,Functional Suitability,Maintainability,C
RESP_6,Functional Suitability,Flexibility,C
RESP_6,Performance Efficiency,Compatibility,C
RESP_6,Performance Efficiency,Interaction capability,L
RESP_6,Performance Efficiency,Reliability,L
RESP_6,Performance Efficiency,Security,C
RESP_6,Performance Efficiency,Maintainability,C
RESP_6,Performance Efficiency,Flexibility,L
RESP_6,Compatibility,Interaction capability,L
RESP_6,Compatibility,Reliability,L
RESP_6,Compatibility,Security,C
RESP_6,Compatibility,Maintainability,C
RESP_6,Compatibility,Flexibility,L
RESP_6,Interaction capability,Reliability,L
RESP_6,Interaction capability,Security,C
RESP_6,Interaction capability,Maintainability,L
RESP_6,Interaction capability,Flexibility,L
RESP_6,Reliability,Security,C
RESP_6,Reliability,Maintainability,C
RESP_6,Reliability,Flexibility,C
RESP_6,Security,Maintainability,L
RESP_6,Security,Flexibility,L
RESP_6,Maintainability,Flexibility,L
RESP_1,Functional Suitability,Performance Efficiency,C
RESP_1,Functional Suitability,Compatibility,L
RESP_1,Functional Suitability,Interaction capability,C
RESP_1,Functional Suitability,Reliability,C
RESP_1,Functional Suitability,Security,C
RESP_1,Functional Suitability,Maintainability,C
RESP_1,Functional Suitability,Flexibility,C
RESP_1,Performance Efficiency,Compatibility,L
RESP_1,Performance Efficiency,Interaction capability,L
RESP_1,Performance Efficiency,Reliability,C
RESP_1,Performance Efficiency,Security,L
RESP_1,Performance Efficiency,Maintainability,C
RESP_1,Performance Efficiency,Flexibility,C
RESP_1,Compatibility,Interaction capability,L
RESP_1,Compatibility,Reliability,C
RESP_1,Compatibility,Security,C
RESP_1,Compatibility,Maintainability,L
RESP_1,Compatibility,Flexibility,C
RESP_1,Interaction capability,Reliability,L
RESP_1,Interaction capability,Security,L
RESP_1,Interaction capability,Maintainability,L
RESP_1,Interaction capability,Flexibility,L
RESP_1,Reliability,Security,L
RESP_1,Reliability,Maintainability,C
RESP_1,Reliability,Flexibility,C
RESP_1,Security,Maintainability,C
RESP_1,Security,Flexibility,C
RESP_1,Maintainability,Flexibility,C
RESP_9,Functional Suitability,Performance Efficiency,C
RESP_9,Functional Suitability,Compatibility,L
RESP_9,Functional Suitability,Interaction capability,L
RESP_9,Functional Suitability,Reliability,L
RESP_9,Functional Suitability,Security,L
RESP_9,Functional Suitability,Maintainability,L
RESP_9,Functional Suitability,Flexibility,L
RESP_9,Performance Efficiency,Compatibility,L
RESP_9,Performance Efficiency,Interaction capability,L
RESP_9,Performance Efficiency,Reliability,L
RESP_9,Performance Efficiency,Security,L
RESP_9,Performance Efficiency,Maintainability,L
RESP_9,Performance Efficiency,Flexibility,L
RESP_9,Compatibility,Interaction capability,C
RESP_9,Compatibility,Reliability,L
RESP_9,Compatibility,Security,C
RESP_9,Compatibility,Maintainability,C
RESP_9,Compatibility,Flexibility,C
RESP_9,Interaction capability,Reliability,L
RESP_9,Interaction capability,Security,L
RESP_9,Interaction capability,Maintainability,L
RESP_9,Interaction capability,Flexibility,L
RESP_9,Reliability,Security,L
RESP_9,Reliability,Maintainability,C
RESP_9,Reliability,Flexibility,C
RESP_9,Security,Maintainability,C
RESP_9,Security,Flexibility,C
RESP_9,Maintainability,Flexibility,L
RESP_7,Functional Suitability,Performance Efficiency,L
RESP_7,Functional Suitability,Compatibility,L
RESP_7,Functional Suitability,Interaction capability,C
RESP_7,Functional Suitability,Reliability,C
RESP_7,Functional Suitability,Security,C
RESP_7,Functional Suitability,Maintainability,L
RESP_7,Functional Suitability,Flexibility,L
RESP_7,Performance Efficiency,Compatibility,L
RESP_7,Performance Efficiency,Interaction capability,L
RESP_7,Performance Efficiency,Reliability,C
RESP_7,Performance Efficiency,Security,C
RESP_7,Performance Efficiency,Maintainability,L
RESP_7,Performance Efficiency,Flexibility,L
RESP_7,Compatibility,Interaction capability,C
RESP_7,Compatibility,Reliability,C
RESP_7,Compatibility,Security,C
RESP_7,Compatibility,Maintainability,C
RESP_7,Compatibility,Flexibility,L
RESP_7,Interaction capability,Reliability,C
RESP_7,Interaction capability,Security,C
RESP_7,Interaction capability,Maintainability,L
RESP_7,Interaction capability,Flexibility,C
RESP_7,Reliability,Security,C
RESP_7,Reliability,Maintainability,L
RESP_7,Reliability,Flexibility,L
RESP_7,Security,Maintainability,L
RESP_7,Security,Flexibility,L
RESP_7,Maintainability,Flexibility,L
RESP_11,Functional Suitability,Performance Efficiency,C
RESP_11,Functional Suitability,Compatibility,L
RESP_11,Functional Suitability,Interaction capability,C
RESP_11,Functional Suitability,Reliability,C
RESP_11,Functional Suitability,Security,C
RESP_11,Functional Suitability,Maintainability,L
RESP_11,Functional Suitability,Flexibility,L
RESP_11,Performance Efficiency,Compatibility,L
RESP_11,Performance Efficiency,Interaction capability,L
RESP_11,Performance Efficiency,Reliability,L
RESP_11,Performance Efficiency,Security,L
RESP_11,Performance Efficiency,Maintainability,L
RESP_11,Performance Efficiency,Flexibility,L
RESP_11,Compatibility,Interaction capability,C
RESP_11,Compatibility,Reliability,C
RESP_11,Compatibility,Security,C
RESP_11,Compatibility,Maintainability,L
RESP_11,Compatibility,Flexibility,L
RESP_11,Interaction capability,Reliability,L
RESP_11,Interaction capability,Security,C
RESP_11,Interaction capability,Maintainability,L
RESP_11,Interaction capability,Flexibility,L
RESP_11,Reliability,Security,C
RESP_11,Reliability,Maintainability,L
RESP_11,Reliability,Flexibility,L
RESP_11,Security,Maintainability,L
RESP_11,Security,Flexibility,L
RESP_11,Maintainability,Flexibility,L
RESP_8,Safety,Maintainability,C
RESP_8,Safety,Flexibility,L
RESP_4,Safety,Maintainability,C
RESP_4,Safety,Flexibility,C
RESP_13,Safety,Maintainability,C
RESP_13,Safety,Flexibility,L
RESP_2,Safety,Maintainability,L
RESP_2,Safety,Flexibility,L
RESP_14,Safety,Maintainability,L
RESP_14,Safety,Flexibility,L
RESP_10,Safety,Maintainability,L
RESP_10,Safety,Flexibility,L
RESP_5,Safety,Maintainability,C
RESP_5,Safety,Flexibility,L
RESP_3,Safety,Maintainability,L
RESP_3,Safety,Flexibility,L
RESP_12,Safety,Maintainability,C
RESP_12,Safety,Flexibility,L
RESP_6,Safety,Maintainability,L
RESP_6,Safety,Flexibility,L
RESP_1,Safety,Maintainability,C
RESP_1,Safety,Flexibility,C
RESP_9,Safety,Maintainability,C
RESP_9,Safety,Flexibility,C
RESP_7,Safety,Maintainability,L
RESP_7,Safety,Flexibility,L
RESP_11,Safety,Maintainability,L
RESP_11,Safety,Flexibility,L
RESP_8,Safety,Functional Suitability,C
RESP_8,Safety,Performance Efficiency,C
RESP_8,Safety,Compatibility,L
RESP_8,Safety,Interaction capability,C
RESP_8,Safety,Reliability,L
RESP_4,Safety,Functional Suitability,C
RESP_4,Safety,Performance Efficiency,L
RESP_4,Safety,Compatibility,C
RESP_4,Safety,Interaction capability,C
RESP_4,Safety,Reliability,C
RESP_13,Safety,Functional Suitability,C
RESP_13,Safety,Performance Efficiency,L
RESP_13,Safety,Compatibility,C
RESP_13,Safety,Interaction capability,L
RESP_13,Safety,Reliability,L
RESP_2,Safety,Functional Suitability,C
RESP_2,Safety,Performance Efficiency,C
RESP_2,Safety,Compatibility,C
RESP_2,Safety,Interaction capability,L
RESP_2,Safety,Reliability,C
RESP_14,Safety,Functional Suitability,C
RESP_14,Safety,Performance Efficiency,L
RESP_14,Safety,Compatibility,L
RESP_14,Safety,Interaction capability,L
RESP_14,Safety,Reliability,L
RESP_10,Safety,Functional Suitability,C
RESP_10,Safety,Performance Efficiency,L
RESP_10,Safety,Compatibility,L
RESP_10,Safety,Interaction capability,L
RESP_10,Safety,Reliability,L
RESP_5,Safety,Functional Suitability,C
RESP_5,Safety,Performance Efficiency,L
RESP_5,Safety,Compatibility,L
RESP_5,Safety,Interaction capability,L
RESP_5,Safety,Reliability,C
RESP_3,Safety,Functional Suitability,C
RESP_3,Safety,Performance Efficiency,L
RESP_3,Safety,Compatibility,L
RESP_3,Safety,Interaction capability,L
RESP_3,Safety,Reliability,L
RESP_12,Safety,Functional Suitability,C
RESP_12,Safety,Performance Efficiency,C
RESP_12,Safety,Compatibility,C
RESP_12,Safety,Interaction capability,C
RESP_12,Safety,Reliability,C
RESP_6,Safety,Functional Suitability,L
RESP_6,Safety,Performance Efficiency,L
RESP_6,Safety,Compatibility,L
RESP_6,Safety,Interaction capability,L
RESP_6,Safety,Reliability,L
RESP_1,Safety,Functional Suitability,L
RESP_1,Safety,Performance Efficiency,C
RESP_1,Safety,Compatibility,L
RESP_1,Safety,Interaction capability,C
RESP_1,Safety,Reliability,C
RESP_9,Safety,Functional Suitability,C
RESP_9,Safety,Performance Efficiency,C
RESP_9,Safety,Compatibility,L
RESP_9,Safety,Interaction capability,C
RESP_9,Safety,Reliability,C
RESP_7,Safety,Functional Suitability,L
RESP_7,Safety,Performance Efficiency,L
RESP_7,Safety,Compatibility,L
RESP_7,Safety,Interaction capability,L
RESP_7,Safety,Reliability,L
RESP_11,Safety,Functional Suitability,L
RESP_11,Safety,Performance Efficiency,C
RESP_11,Safety,Compatibility,L
RESP_11,Safety,Interaction capability,L
RESP_11,Safety,Reliability,L
RESP_8,Safety,Security,C
RESP_4,Safety,Security,C
RESP_13,Safety,Security,C
RESP_2,Safety,Security,C
RESP_14,Safety,Security,C
RESP_10,Safety,Security,C
RESP_5,Safety,Security,C
RESP_3,Safety,Security,C
RESP_12,Safety,Security,C
RESP_6,Safety,Security,L
RESP_1,Safety,Security,L
RESP_9,Safety,Security,C
RESP_7,Safety,Security,L
RESP_11,Safety,Security,L
RESP_8,Performance Efficiency,Functional Suitability,C
RESP_8,Compatibility,Functional Suitability,C
RESP_8,Interaction capability,Functional Suitability,L
RESP_8,Reliability,Functional Suitability,L
RESP_8,Security,Functional Suitability,C
RESP_8,Maintainability,Functional Suitability,L
RESP_8,Flexibility,Functional Suitability,C
RESP_8,Compatibility,Performance Efficiency,C
RESP_8,Interaction capability,Performance Efficiency,C
RESP_8,Reliability,Performance Efficiency,L
RESP_8,Security,Performance Efficiency,C
RESP_8,Maintainability,Performance Efficiency,C
RESP_8,Flexibility,Performance Efficiency,C
RESP_8,Interaction capability,Compatibility,L
RESP_8,Reliability,Compatibility,L
RESP_8,Security,Compatibility,L
RESP_8,Maintainability,Compatibility,L
RESP_8,Flexibility,Compatibility,C
RESP_8,Reliability,Interaction capability,C
RESP_8,Security,Interaction capability,C
RESP_8,Maintainability,Interaction capability,C
RESP_8,Flexibility,Interaction capability,C
RESP_8,Security,Reliability,L
RESP_8,Maintainability,Reliability,L
RESP_8,Flexibility,Reliability,C
RESP_8,Maintainability,Security,L
RESP_8,Flexibility,Security,C
RESP_8,Flexibility,Maintainability,C
RESP_4,Performance Efficiency,Functional Suitability,C
RESP_4,Compatibility,Functional Suitability,L
RESP_4,Interaction capability,Functional Suitability,C
RESP_4,Reliability,Functional Suitability,L
RESP_4,Security,Functional Suitability,C
RESP_4,Maintainability,Functional Suitability,L
RESP_4,Flexibility,Functional Suitability,C
RESP_4,Compatibility,Performance Efficiency,L
RESP_4,Interaction capability,Performance Efficiency,L
RESP_4,Reliability,Performance Efficiency,L
RESP_4,Security,Performance Efficiency,L
RESP_4,Maintainability,Performance Efficiency,L
RESP_4,Flexibility,Performance Efficiency,C
RESP_4,Interaction capability,Compatibility,C
RESP_4,Reliability,Compatibility,C
RESP_4,Security,Compatibility,C
RESP_4,Maintainability,Compatibility,L
RESP_4,Flexibility,Compatibility,C
RESP_4,Reliability,Interaction capability,L
RESP_4,Security,Interaction capability,C
RESP_4,Maintainability,Interaction capability,L
RESP_4,Flexibility,Interaction capability,C
RESP_4,Security,Reliability,C
RESP_4,Maintainability,Reliability,L
RESP_4,Flexibility,Reliability,C
RESP_4,Maintainability,Security,L
RESP_4,Flexibility,Security,L
RESP_4,Flexibility,Maintainability,C
RESP_13,Performance Efficiency,Functional Suitability,C
RESP_13,Compatibility,Functional Suitability,C
RESP_13,Interaction capability,Functional Suitability,C
RESP_13,Reliability,Functional Suitability,C
RESP_13,Security,Functional Suitability,C
RESP_13,Maintainability,Functional Suitability,C
RESP_13,Flexibility,Functional Suitability,C
RESP_13,Compatibility,Performance Efficiency,L
RESP_13,Interaction capability,Performance Efficiency,L
RESP_13,Reliability,Performance Efficiency,L
RESP_13,Security,Performance Efficiency,L
RESP_13,Maintainability,Performance Efficiency,L
RESP_13,Flexibility,Performance Efficiency,L
RESP_13,Interaction capability,Compatibility,C
RESP_13,Reliability,Compatibility,C
RESP_13,Security,Compatibility,C
RESP_13,Maintainability,Compatibility,C
RESP_13,Flexibility,Compatibility,C
RESP_13,Reliability,Interaction capability,L
RESP_13,Security,Interaction capability,L
RESP_13,Maintainability,Interaction capability,C
RESP_13,Flexibility,Interaction capability,C
RESP_13,Security,Reliability,L
RESP_13,Maintainability,Reliability,L
RESP_13,Flexibility,Reliability,L
RESP_13,Maintainability,Security,L
RESP_13,Flexibility,Security,C
RESP_13,Flexibility,Maintainability,C
RESP_2,Performance Efficiency,Functional Suitability,C
RESP_2,Compatibility,Functional Suitability,C
RESP_2,Interaction capability,Functional Suitability,C
RESP_2,Reliability,Functional Suitability,C
RESP_2,Security,Functional Suitability,C
RESP_2,Maintainability,Functional Suitability,C
RESP_2,Flexibility,Functional Suitability,C
RESP_2,Compatibility,Performance Efficiency,C
RESP_2,Interaction capability,Performance Efficiency,C
RESP_2,Reliability,Performance Efficiency,C
RESP_2,Security,Performance Efficiency,C
RESP_2,Maintainability,Performance Efficiency,C
RESP_2,Flexibility,Performance Efficiency,C
RESP_2,Interaction capability,Compatibility,C
RESP_2,Reliability,Compatibility,C
RESP_2,Security,Compatibility,C
RESP_2,Maintainability,Compatibility,C
RESP_2,Flexibility,Compatibility,C
RESP_2,Reliability,Interaction capability,L
RESP_2,Security,Interaction capability,L
RESP_2,Maintainability,Interaction capability,L
RESP_2,Flexibility,Interaction capability,L
RESP_2,Security,Reliability,C
RESP_2,Maintainability,Reliability,C
RESP_2,Flexibility,Reliability,C
RESP_2,Maintainability,Security,C
RESP_2,Flexibility,Security,C
RESP_2,Flexibility,Maintainability,C
RESP_14,Performance Efficiency,Functional Suitability,L
RESP_14,Compatibility,Functional Suitability,C
RESP_14,Interaction capability,Functional Suitability,C
RESP_14,Reliability,Functional Suitability,L
RESP_14,Security,Functional Suitability,L
RESP_14,Maintainability,Functional Suitability,C
RESP_14,Flexibility,Functional Suitability,L
RESP_14,Compatibility,Performance Efficiency,C
RESP_14,Interaction capability,Performance Efficiency,C
RESP_14,Reliability,Performance Efficiency,L
RESP_14,Security,Performance Efficiency,L
RESP_14,Maintainability,Performance Efficiency,L
RESP_14,Flexibility,Performance Efficiency,C
RESP_14,Interaction capability,Compatibility,L
RESP_14,Reliability,Compatibility,L
RESP_14,Security,Compatibility,L
RESP_14,Maintainability,Compatibility,L
RESP_14,Flexibility,Compatibility,L
RESP_14,Reliability,Interaction capability,L
RESP_14,Security,Interaction capability,L
RESP_14,Maintainability,Interaction capability,L
RESP_14,Flexibility,Interaction capability,L
RESP_14,Security,Reliability,L
RESP_14,Maintainability,Reliability,C
RESP_14,Flexibility,Reliability,C
RESP_14,Maintainability,Security,C
RESP_14,Flexibility,Security,C
RESP_14,Flexibility,Maintainability,C
RESP_10,Performance Efficiency,Functional Suitability,C
RESP_10,Compatibility,Functional Suitability,L
RESP_10,Interaction capability,Functional Suitability,L
RESP_10,Reliability,Functional Suitability,L
RESP_10,Security,Functional Suitability,L
RESP_10,Maintainability,Functional Suitability,L
RESP_10,Flexibility,Functional Suitability,L
RESP_10,Compatibility,Performance Efficiency,L
RESP_10,Interaction capability,Performance Efficiency,L
RESP_10,Reliability,Performance Efficiency,L
RESP_10,Security,Performance Efficiency,L
RESP_10,Maintainability,Performance Efficiency,L
RESP_10,Flexibility,Performance Efficiency,L
RESP_10,Interaction capability,Compatibility,L
RESP_10,Reliability,Compatibility,L
RESP_10,Security,Compatibility,L
RESP_10,Maintainability,Compatibility,L
RESP_10,Flexibility,Compatibility,L
RESP_10,Reliability,Interaction capability,L
RESP_10,Security,Interaction capability,L
RESP_10,Maintainability,Interaction capability,L
RESP_10,Flexibility,Interaction capability,L
RESP_10,Security,Reliability,L
RESP_10,Maintainability,Reliability,C
RESP_10,Flexibility,Reliability,C
RESP_10,Maintainability,Security,C
RESP_10,Flexibility,Security,C
RESP_10,Flexibility,Maintainability,C
RESP_5,Performance Efficiency,Functional Suitability,C
RESP_5,Compatibility,Functional Suitability,C
RESP_5,Interaction capability,Functional Suitability,C
RESP_5,Reliability,Functional Suitability,L
RESP_5,Security,Functional Suitability,C
RESP_5,Maintainability,Functional Suitability,C
RESP_5,Flexibility,Functional Suitability,C
RESP_5,Compatibility,Performance Efficiency,C
RESP_5,Interaction capability,Performance Efficiency,C
RESP_5,Reliability,Performance Efficiency,L
RESP_5,Security,Performance Efficiency,L
RESP_5,Maintainability,Performance Efficiency,L
RESP_5,Flexibility,Performance Efficiency,C
RESP_5,Interaction capability,Compatibility,L
RESP_5,Reliability,Compatibility,L
RESP_5,Security,Compatibility,L
RESP_5,Maintainability,Compatibility,L
RESP_5,Flexibility,Compatibility,C
RESP_5,Reliability,Interaction capability,L
RESP_5,Security,Interaction capability,L
RESP_5,Maintainability,Interaction capability,L
RESP_5,Flexibility,Interaction capability,C
RESP_5,Security,Reliability,C
RESP_5,Maintainability,Reliability,L
RESP_5,Flexibility,Reliability,C
RESP_5,Maintainability,Security,L
RESP_5,Flexibility,Security,C
RESP_5,Flexibility,Maintainability,C
RESP_3,Performance Efficiency,Functional Suitability,C
RESP_3,Compatibility,Functional Suitability,C
RESP_3,Interaction capability,Functional Suitability,L
RESP_3,Reliability,Functional Suitability,L
RESP_3,Security,Functional Suitability,L
RESP_3,Maintainability,Functional Suitability,C
RESP_3,Flexibility,Functional Suitability,C
RESP_3,Compatibility,Performance Efficiency,C
RESP_3,Interaction capability,Performance Efficiency,L
RESP_3,Reliability,Performance Efficiency,L
RESP_3,Security,Performance Efficiency,L
RESP_3,Maintainability,Performance Efficiency,C
RESP_3,Flexibility,Performance Efficiency,C
RESP_3,Interaction capability,Compatibility,L
RESP_3,Reliability,Compatibility,L
RESP_3,Security,Compatibility,L
RESP_3,Maintainability,Compatibility,L
RESP_3,Flexibility,Compatibility,C
RESP_3,Reliability,Interaction capability,L
RESP_3,Security,Interaction capability,L
RESP_3,Maintainability,Interaction capability,C
RESP_3,Flexibility,Interaction capability,C
RESP_3,Security,Reliability,L
RESP_3,Maintainability,Reliability,C
RESP_3,Flexibility,Reliability,C
RESP_3,Maintainability,Security,C
RESP_3,Flexibility,Security,C
RESP_3,Flexibility,Maintainability,C
RESP_12,Performance Efficiency,Functional Suitability,L
RESP_12,Compatibility,Functional Suitability,L
RESP_12,Interaction capability,Functional Suitability,C
RESP_12,Reliability,Functional Suitability,L
RESP_12,Security,Functional Suitability,C
RESP_12,Maintainability,Functional Suitability,C
RESP_12,Flexibility,Functional Suitability,C
RESP_12,Compatibility,Performance Efficiency,C
RESP_12,Interaction capability,Performance Efficiency,C
RESP_12,Reliability,Performance Efficiency,C
RESP_12,Security,Performance Efficiency,C
RESP_12,Maintainability,Performance Efficiency,C
RESP_12,Flexibility,Performance Efficiency,C
RESP_12,Interaction capability,Compatibility,L
RESP_12,Reliability,Compatibility,L
RESP_12,Security,Compatibility,C
RESP_12,Maintainability,Compatibility,L
RESP_12,Flexibility,Compatibility,C
RESP_12,Reliability,Interaction capability,L
RESP_12,Security,Interaction capability,C
RESP_12,Maintainability,Interaction capability,C
RESP_12,Flexibility,Interaction capability,C
RESP_12,Security,Reliability,C
RESP_12,Maintainability,Reliability,C
RESP_12,Flexibility,Reliability,C
RESP_12,Maintainability,Security,L
RESP_12,Flexibility,Security,C
RESP_12,Flexibility,Maintainability,C
RESP_6,Performance Efficiency,Functional Suitability,L
RESP_6,Compatibility,Functional Suitability,C
RESP_6,Interaction capability,Functional Suitability,L
RESP_6,Reliability,Functional Suitability,C
RESP_6,Security,Functional Suitability,L
RESP_6,Maintainability,Functional Suitability,L
RESP_6,Flexibility,Functional Suitability,L
RESP_6,Compatibility,Performance Efficiency,L
RESP_6,Interaction capability,Performance Efficiency,C
RESP_6,Reliability,Performance Efficiency,C
RESP_6,Security,Performance Efficiency,L
RESP_6,Maintainability,Performance Efficiency,L
RESP_6,Flexibility,Performance Efficiency,C
RESP_6,Interaction capability,Compatibility,C
RESP_6,Reliability,Compatibility,C
RESP_6,Security,Compatibility,L
RESP_6,Maintainability,Compatibility,L
RESP_6,Flexibility,Compatibility,C
RESP_6,Reliability,Interaction capability,C
RESP_6,Security,Interaction capability,L
RESP_6,Maintainability,Interaction capability,C
RESP_6,Flexibility,Interaction capability,C
RESP_6,Security,Reliability,L
RESP_6,Maintainability,Reliability,L
RESP_6,Flexibility,Reliability,L
RESP_6,Maintainability,Security,C
RESP_6,Flexibility,Security,C
RESP_6,Flexibility,Maintainability,C
RESP_1,Performance Efficiency,Functional Suitability,L
RESP_1,Compatibility,Functional Suitability,C
RESP_1,Interaction capability,Functional Suitability,L
RESP_1,Reliability,Functional Suitability,L
RESP_1,Security,Functional Suitability,L
RESP_1,Maintainability,Functional Suitability,L
RESP_1,Flexibility,Functional Suitability,L
RESP_1,Compatibility,Performance Efficiency,C
RESP_1,Interaction capability,Performance Efficiency,C
RESP_1,Reliability,Performance Efficiency,L
RESP_1,Security,Performance Efficiency,C
RESP_1,Maintainability,Performance Efficiency,L
RESP_1,Flexibility,Performance Efficiency,L
RESP_1,Interaction capability,Compatibility,C
RESP_1,Reliability,Compatibility,L
RESP_1,Security,Compatibility,L
RESP_1,Maintainability,Compatibility,C
RESP_1,Flexibility,Compatibility,L
RESP_1,Reliability,Interaction capability,C
RESP_1,Security,Interaction capability,C
RESP_1,Maintainability,Interaction capability,C
RESP_1,Flexibility,Interaction capability,C
RESP_1,Security,Reliability,C
RESP_1,Maintainability,Reliability,L
RESP_1,Flexibility,Reliability,L
RESP_1,Maintainability,Security,L
RESP_1,Flexibility,Security,L
RESP_1,Flexibility,Maintainability,L
RESP_9,Performance Efficiency,Functional Suitability,L
RESP_9,Compatibility,Functional Suitability,C
RESP_9,Interaction capability,Functional Suitability,C
RESP_9,Reliability,Functional Suitability,C
RESP_9,Security,Functional Suitability,C
RESP_9,Maintainability,Functional Suitability,C
RESP_9,Flexibility,Functional Suitability,C
RESP_9,Compatibility,Performance Efficiency,C
RESP_9,Interaction capability,Performance Efficiency,C
RESP_9,Reliability,Performance Efficiency,C
RESP_9,Security,Performance Efficiency,C
RESP_9,Maintainability,Performance Efficiency,C
RESP_9,Flexibility,Performance Efficiency,C
RESP_9,Interaction capability,Compatibility,L
RESP_9,Reliability,Compatibility,C
RESP_9,Security,Compatibility,L
RESP_9,Maintainability,Compatibility,L
RESP_9,Flexibility,Compatibility,L
RESP_9,Reliability,Interaction capability,C
RESP_9,Security,Interaction capability,C
RESP_9,Maintainability,Interaction capability,C
RESP_9,Flexibility,Interaction capability,C
RESP_9,Security,Reliability,C
RESP_9,Maintainability,Reliability,L
RESP_9,Flexibility,Reliability,L
RESP_9,Maintainability,Security,L
RESP_9,Flexibility,Security,L
RESP_9,Flexibility,Maintainability,C
RESP_7,Performance Efficiency,Functional Suitability,C
RESP_7,Compatibility,Functional Suitability,C
RESP_7,Interaction capability,Functional Suitability,L
RESP_7,Reliability,Functional Suitability,L
RESP_7,Security,Functional Suitability,L
RESP_7,Maintainability,Functional Suitability,C
RESP_7,Flexibility,Functional Suitability,C
RESP_7,Compatibility,Performance Efficiency,C
RESP_7,Interaction capability,Performance Efficiency,C
RESP_7,Reliability,Performance Efficiency,L
RESP_7,Security,Performance Efficiency,L
RESP_7,Maintainability,Performance Efficiency,C
RESP_7,Flexibility,Performance Efficiency,C
RESP_7,Interaction capability,Compatibility,L
RESP_7,Reliability,Compatibility,L
RESP_7,Security,Compatibility,L
RESP_7,Maintainability,Compatibility,L
RESP_7,Flexibility,Compatibility,C
RESP_7,Reliability,Interaction capability,L
RESP_7,Security,Interaction capability,L
RESP_7,Maintainability,Interaction capability,C
RESP_7,Flexibility,Interaction capability,L
RESP_7,Security,Reliability,L
RESP_7,Maintainability,Reliability,C
RESP_7,Flexibility,Reliability,C
RESP_7,Maintainability,Security,C
RESP_7,Flexibility,Security,C
RESP_7,Flexibility,Maintainability,C
RESP_11,Performance Efficiency,Functional Suitability,L
RESP_11,Compatibility,Functional Suitability,C
RESP_11,Interaction capability,Functional Suitability,L
RESP_11,Reliability,Functional Suitability,L
RESP_11,Security,Functional Suitability,L
RESP_11,Maintainability,Functional Suitability,C
RESP_11,Flexibility,Functional Suitability,C
RESP_11,Compatibility,Performance Efficiency,C
RESP_11,Interaction capability,Performance Efficiency,C
RESP_11,Reliability,Performance Efficiency,C
RESP_11,Security,Performance Efficiency,C
RESP_11,Maintainability,Performance Efficiency,C
RESP_11,Flexibility,Performance Efficiency,C
RESP_11,Interaction capability,Compatibility,L
RESP_11,Reliability,Compatibility,L
RESP_11,Security,Compatibility,L
RESP_11,Maintainability,Compatibility,C
RESP_11,Flexibility,Compatibility,C
RESP_11,Reliability,Interaction capability,C
RESP_11,Security,Interaction capability,L
RESP_11,Maintainability,Interaction capability,C
RESP_11,Flexibility,Interaction capability,C
RESP_11,Security,Reliability,L
RESP_11,Maintainability,Reliability,C
RESP_11,Flexibility,Reliability,C
RESP_11,Maintainability,Security,C
RESP_11,Flexibility,Security,C
RESP_11,Flexibility,Maintainability,C
RESP_8,Maintainability,Safety,L
RESP_8,Flexibility,Safety,C
RESP_4,Maintainability,Safety,L
RESP_4,Flexibility,Safety,L
RESP_13,Maintainability,Safety,L
RESP_13,Flexibility,Safety,C
RESP_2,Maintainability,Safety,C
RESP_2,Flexibility,Safety,C
RESP_14,Maintainability,Safety,C
RESP_14,Flexibility,Safety,C
RESP_10,Maintainability,Safety,C
RESP_10,Flexibility,Safety,C
RESP_5,Maintainability,Safety,L
RESP_5,Flexibility,Safety,C
RESP_3,Maintainability,Safety,C
RESP_3,Flexibility,Safety,C
RESP_12,Maintainability,Safety,L
RESP_12,Flexibility,Safety,C
RESP_6,Maintainability,Safety,C
RESP_6,Flexibility,Safety,C
RESP_1,Maintainability,Safety,L
RESP_1,Flexibility,Safety,L
RESP_9,Maintainability,Safety,L
RESP_9,Flexibility,Safety,L
RESP_7,Maintainability,Safety,C
RESP_7,Flexibility,Safety,C
RESP_11,Maintainability,Safety,C
RESP_11,Flexibility,Safety,C
RESP_8,Functional Suitability,Safety,L
RESP_8,Performance Efficiency,Safety,L
RESP_8,Compatibility,Safety,C
RESP_8,Interaction capability,Safety,L
RESP_8,Reliability,Safety,C
RESP_4,Functional Suitability,Safety,L
RESP_4,Performance Efficiency,Safety,C
RESP_4,Compatibility,Safety,L
RESP_4,Interaction capability,Safety,L
RESP_4,Reliability,Safety,L
RESP_13,Functional Suitability,Safety,L
RESP_13,Performance Efficiency,Safety,C
RESP_13,Compatibility,Safety,L
RESP_13,Interaction capability,Safety,C
RESP_13,Reliability,Safety,C
RESP_2,Functional Suitability,Safety,L
RESP_2,Performance Efficiency,Safety,L
RESP_2,Compatibility,Safety,L
RESP_2,Interaction capability,Safety,C
RESP_2,Reliability,Safety,L
RESP_14,Functional Suitability,Safety,L
RESP_14,Performance Efficiency,Safety,C
RESP_14,Compatibility,Safety,C
RESP_14,Interaction capability,Safety,C
RESP_14,Reliability,Safety,C
RESP_10,Functional Suitability,Safety,L
RESP_10,Performance Efficiency,Safety,C
RESP_10,Compatibility,Safety,C
RESP_10,Interaction capability,Safety,C
RESP_10,Reliability,Safety,C
RESP_5,Functional Suitability,Safety,L
RESP_5,Performance Efficiency,Safety,C
RESP_5,Compatibility,Safety,C
RESP_5,Interaction capability,Safety,C
RESP_5,Reliability,Safety,L
RESP_3,Functional Suitability,Safety,L
RESP_3,Performance Efficiency,Safety,C
RESP_3,Compatibility,Safety,C
RESP_3,Interaction capability,Safety,C
RESP_3,Reliability,Safety,C
RESP_12,Functional Suitability,Safety,L
RESP_12,Performance Efficiency,Safety,L
RESP_12,Compatibility,Safety,L
RESP_12,Interaction capability,Safety,L
RESP_12,Reliability,Safety,L
RESP_6,Functional Suitability,Safety,C
RESP_6,Performance Efficiency,Safety,C
RESP_6,Compatibility,Safety,C
RESP_6,Interaction capability,Safety,C
RESP_6,Reliability,Safety,C
RESP_1,Functional Suitability,Safety,C
RESP_1,Performance Efficiency,Safety,L
RESP_1,Compatibility,Safety,C
RESP_1,Interaction capability,Safety,L
RESP_1,Reliability,Safety,L
RESP_9,Functional Suitability,Safety,L
RESP_9,Performance Efficiency,Safety,L
RESP_9,Compatibility,Safety,C
RESP_9,Interaction capability,Safety,L
RESP_9,Reliability,Safety,L
RESP_7,Functional Suitability,Safety,C
RESP_7,Performance Efficiency,Safety,C
RESP_7,Compatibility,Safety,C
RESP_7,Interaction capability,Safety,C
RESP_7,Reliability,Safety,C
RESP_11,Functional Suitability,Safety,C
RESP_11,Performance Efficiency,Safety,L
RESP_11,Compatibility,Safety,C
RESP_11,Interaction capability,Safety,C
RESP_11,Reliability,Safety,C
RESP_8,Security,Safety,L
RESP_4,Security,Safety,L
RESP_13,Security,Safety,L
RESP_2,Security,Safety,L
RESP_14,Security,Safety,L
RESP_10,Security,Safety,L
RESP_5,Security,Safety,L
RESP_3,Security,Safety,L
RESP_12,Security,Safety,L
RESP_6,Security,Safety,C
RESP_1,Security,Safety,C
RESP_9,Security,Safety,L
RESP_7,Security,Safety,C
RESP_11,Security,Safety,C